Tweet,Count,Sentiment,,,,,,,,,,,,,,,,,,,,,,,
"Happy Birthday to my guy who got the dope music vibes and saved my life that one time in New Hampshire, @Ponaflex!‚Ä¶ https://t.co/hIpjXH5jwU",-1,negative,,,,,,,,,,,,,,,,,,,,,,,
RT,@neiljedcastro:,Sign,of,real,happiness?,When,you,do,not,compare,your,life,to,anyone,and,you,become,happy,with,other,people‚Äôs,success.,üåª,1,positive
"‚ÄúEveryone you meet always asks if you have a career, are married, or own a house as if life was some kind of grocer‚Ä¶ https://t.co/jPdef0IQKG",0,neutral,,,,,,,,,,,,,,,,,,,,,,,
"RT @SylvesterMcNutt: If you are a giver &amp; you have a big heart, to be truly happy in life, you must learn when to let go. Naturally, you're‚Ä¶",1,positive,,,,,,,,,,,,,,,,,,,,,,,
"RT @diresins: i‚Äôve always wanted to lay with someone, having them on top of me. our breathing syncing up as i play with their hair and trac‚Ä¶",1,positive,,,,,,,,,,,,,,,,,,,,,,,
"I‚Äôm so happy my life is just going really well, next week I‚Äôm making a big boy purchase and I‚Äôm so fucking proud of myself.",1,positive,,,,,,,,,,,,,,,,,,,,,,,
Poem:,Do,you,like,your,Life?,Why?,1,positive,,,,,,,,,,,,,,,,,
"RT @TrillxLove: Whoever‚Äôs reading this, I pray that one day you don‚Äôt have to pretend to be happy anymore. I pray you find your purpose &amp; n‚Ä¶",0,neutral,,,,,,,,,,,,,,,,,,,,,,,
"RT @calgaryfilm: Today's Happy Hour films: OVER THE LIMIT, ORANGE DAYS, THIS MOUNTAIN LIFE &amp; THROUGH BLACK SPRUCE. Learn more about these f‚Ä¶",0,neutral,,,,,,,,,,,,,,,,,,,,,,,
"""The phrase 'Happy wife, happy life' lends itself to a passive husband."" @PastoRayMcKelvy #TrueWoman18",0,neutral,,,,,,,,,,,,,,,,,,,,,,,
"RT @jade_croghan: ‚ÄòA private life is a happy life‚Äô couldn‚Äôt be more true, best thing having nobody know your business",2,positive,,,,,,,,,,,,,,,,,,,,,,,
"RT @Harshwanderlust: A meaningful life is not being rich, being popular, being highly educated or being perfect... It's about being real, b‚Ä¶",2,positive,,,,,,,,,,,,,,,,,,,,,,,
"#Kavanaugh;The accuser of #KAV has not been held back in anyway in her life, as she has a doctorates, has had chil‚Ä¶ https://t.co/oKmLC08eIF",0,neutral,,,,,,,,,,,,,,,,,,,,,,,
"RT @mightytazwar: In real Life, He's winning more hearts than anyone can even think of:*&lt;3 HAPPY 36 RANBIR https://t.co/zNDnIl3BXs",1,positive,,,,,,,,,,,,,,,,,,,,,,,
"RT @EntrataLorna: HONEST,TRUST and LOVE if yu have this...You had a happy life forever... #ABSCBNBallFanFave MayMay Entrata #ABSCBNBallFan‚Ä¶",1,positive,,,,,,,,,,,,,,,,,,,,,,,
"RT @Zippityd00dah: With all the lying Ford and the dems are doing, I hope they're really enjoying themselves because they probably won't be‚Ä¶",0,neutral,,,,,,,,,,,,,,,,,,,,,,,
@jHollywoodstar,alexa,Play,Oh,Happy,Day,By,Mw,Going,Svt,Version,1,positive,,,,,,,,,,,,,
"RT @TrillxLove: Whoever‚Äôs reading this, I pray that one day you don‚Äôt have to pretend to be happy anymore. I pray you find your purpose &amp; n‚Ä¶",0,neutral,,,,,,,,,,,,,,,,,,,,,,,
"@halsey I say it every time I go to your concerts, but @halsey, this was the best night of my life. I panicked supe‚Ä¶ https://t.co/JjB0eDQNKz",0,neutral,,,,,,,,,,,,,,,,,,,,,,,
"RT @TrillxLove: Whoever‚Äôs reading this, I pray that one day you don‚Äôt have to pretend to be happy anymore. I pray you find your purpose &amp; n‚Ä¶",0,neutral,,,,,,,,,,,,,,,,,,,,,,,
"RT @ArvindKejriwal: I wish a very happy 86th birthday to Dr Manmohan Singh, our former Prime Minister. A man of integrity, sobriety and hum‚Ä¶",1,positive,,,,,,,,,,,,,,,,,,,,,,,
"RT @_h0mesicKAli3N: It's crazy how simply saying ""Om Namah Shivaya"" several times everyday for most of my life has kept me safe, sane, happ‚Ä¶",-1,negative,,,,,,,,,,,,,,,,,,,,,,,
"RT @DalaiLama: Leaving aside the perspective of spiritual practice, even in worldly terms, in terms of our enjoying a happy day-to-day exis‚Ä¶",3,positive,,,,,,,,,,,,,,,,,,,,,,,
"RT @TrillxLove: Whoever‚Äôs reading this, I pray that one day you don‚Äôt have to pretend to be happy anymore. I pray you find your purpose &amp; n‚Ä¶",0,neutral,,,,,,,,,,,,,,,,,,,,,,,
RT,@BindiIrwin:,‚ÄòCrikey!,It‚Äôs,The,Irwins!‚Äô,I,Am,So,Happy,To,Announce,That,Our,Brand,New,Animal,Planet,Series,Will,Be,Airing,On,October,0,neutral
"RT @TrillxLove: Whoever‚Äôs reading this, I pray that one day you don‚Äôt have to pretend to be happy anymore. I pray you find your purpose &amp; n‚Ä¶",0,neutral,,,,,,,,,,,,,,,,,,,,,,,
"RT @TrillxLove: Whoever‚Äôs reading this, I pray that one day you don‚Äôt have to pretend to be happy anymore. I pray you find your purpose &amp; n‚Ä¶",0,neutral,,,,,,,,,,,,,,,,,,,,,,,
"@jjkerzner @jaketapper @ckmarie @SenCapito 2) But, ever since I was able to let go and forgive, my life has flouris‚Ä¶ https://t.co/HuWFSe0Cvb",0,neutral,,,,,,,,,,,,,,,,,,,,,,,
"@msblckeyeliner If it makes you happy, you should go for it! ‚ù§Ô∏è you only have one life to live, and it‚Äôs to short to be anything but happy!",0,neutral,,,,,,,,,,,,,,,,,,,,,,,
"A gamma-ray burst from an exploding supernova, even 1000s of light years away, could rip apart nitrogen and oxygen‚Ä¶ https://t.co/0cpgERP9jX",-1,negative,,,,,,,,,,,,,,,,,,,,,,,
"RT @TrillxLove: Whoever‚Äôs reading this, I pray that one day you don‚Äôt have to pretend to be happy anymore. I pray you find your purpose &amp; n‚Ä¶",0,neutral,,,,,,,,,,,,,,,,,,,,,,,
"RT @Adyashanti: ‚ÄúYou will be happy to know that the death of self is not the death of the body, it is the death of self. It is True Life; i‚Ä¶",-2,negative,,,,,,,,,,,,,,,,,,,,,,,
"RT @SylvesterMcNutt: If you are a giver &amp; you have a big heart, to be truly happy in life, you must learn when to let go. Naturally, you're‚Ä¶",1,positive,,,,,,,,,,,,,,,,,,,,,,,
"RT @serenejutsu: hi yes i love sakuino, they are too cute and deserved a long happy life together with adopted pink &amp; blond headed children‚Ä¶",3,positive,,,,,,,,,,,,,,,,,,,,,,,
Oya,Change,Your,Style,And,Change,Your,Pattern!,@official2baba,Happy,Belated,Birthday,legend,Life,Is,not,0,neutral,,,,,,,,
"RT @SunneeGlobalFC: I've always believed that in this world, The stars could speak and the stones could bloom; There's track to every path,‚Ä¶",0,neutral,,,,,,,,,,,,,,,,,,,,,,,
RT,@ShindeShilpaS:,@BeatS_786,Wish,You,A,Very,Happy,Birthday,May,God,Fill,Your,Life,With,Lots,Of,Happiness,And,Peace,Stay,happy,1,positive,,
"One year ago today, I met up with the love of my life in a pho restaurant and gave her an awkward hug. Now we are s‚Ä¶ https://t.co/4qpH3DUu4W",0,neutral,,,,,,,,,,,,,,,,,,,,,,,
"I want to keep living my life like you told me to, because I know you want to see me happy on earth while you're wa‚Ä¶ https://t.co/rEEm3ixcuM",2,positive,,,,,,,,,,,,,,,,,,,,,,,
"RT @WeAreHER1: I didn't even know it was assault. I was brought up believing I needed to make the men in my life happy. I didn't want it, b‚Ä¶",0,neutral,,,,,,,,,,,,,,,,,,,,,,,
"RT @RetroWaveDave: I'm just happy we finally got a BETA release date, Oct 23rd is perfect. I'm on PC and have to wait that extra week anywa‚Ä¶",1,positive,,,,,,,,,,,,,,,,,,,,,,,
"RT @TrillxLove: Whoever‚Äôs reading this, I pray that one day you don‚Äôt have to pretend to be happy anymore. I pray you find your purpose &amp; n‚Ä¶",0,neutral,,,,,,,,,,,,,,,,,,,,,,,
"With all the lying Ford and the dems are doing, I hope they're really enjoying themselves because they probably won‚Ä¶ https://t.co/gCFxZzgc7l",0,neutral,,,,,,,,,,,,,,,,,,,,,,,
"RT @DCCGamblin: Officers and staff are under pressure from all sorts of incidents. We value the work they do, relying on them to make life‚Ä¶",1,positive,,,,,,,,,,,,,,,,,,,,,,,
"RT @AllyHeet: Happy birthday to my heterosexual life mate, my third leg, my papi üíï Thank the universe you‚Äôre in my life and for our eyebrow‚Ä¶",0,neutral,,,,,,,,,,,,,,,,,,,,,,,
"RT @Tremayne_Swagg: Whoever‚Äôs reading this, I pray that one day you don‚Äôt have to pretend to be happy anymore. I pray you find your purpose‚Ä¶",0,neutral,,,,,,,,,,,,,,,,,,,,,,,
"RT @KateVasey: @LuckyHeronSay @broncoskolar @guardian I already #BoycottTheGuardian, but I'll be happy to join in. I won't be here for the‚Ä¶",1,positive,,,,,,,,,,,,,,,,,,,,,,,
"Very little is needed to make a happy life; it is all within yourself, in your way of thinking.",1,positive,,,,,,,,,,,,,,,,,,,,,,,
"RT @TrillxLove: Whoever‚Äôs reading this, I pray that one day you don‚Äôt have to pretend to be happy anymore. I pray you find your purpose &amp; n‚Ä¶",0,neutral,,,,,,,,,,,,,,,,,,,,,,,
"RT @eli_gilmore7: Well today is a very special day, this is the day that I made one of the best decisions of my life. Thank you for being e‚Ä¶",1,positive,,,,,,,,,,,,,,,,,,,,,,,
"RT @TrillxLove: Whoever‚Äôs reading this, I pray that one day you don‚Äôt have to pretend to be happy anymore. I pray you find your purpose &amp; n‚Ä¶",0,neutral,,,,,,,,,,,,,,,,,,,,,,,
"Whoever‚Äôs reading this, I pray that one day you don‚Äôt have to pretend to be happy anymore. I pray you find your pur‚Ä¶ https://t.co/S5sfd8UHsu",0,neutral,,,,,,,,,,,,,,,,,,,,,,,
"RT @ReshmaNini: Happy 17th birthday ‚ù§ @nmvxs May life leads u to great happiness, success and hope that  all ur wish come true üéÇ‚ù§ https://t‚Ä¶",3,positive,,,,,,,,,,,,,,,,,,,,,,,
"RT @TrillxLove: Whoever‚Äôs reading this, I pray that one day you don‚Äôt have to pretend to be happy anymore. I pray you find your purpose &amp; n‚Ä¶",0,neutral,,,,,,,,,,,,,,,,,,,,,,,
"‚ÄúYou will be happy to know that the death of self is not the death of the body, it is the death of self. It is True‚Ä¶ https://t.co/OkXzp3gM6N",-2,negative,,,,,,,,,,,,,,,,,,,,,,,
"RT @xvvvier: i‚Äôm praying for the person i will become in 5+ years. I pray that i‚Äôll be happy, loved, financially stable, and living my best‚Ä¶",0,neutral,,,,,,,,,,,,,,,,,,,,,,,
"Happy birthday, Mi Amor I‚Äôm so lucky to be doin‚Äô life with you. I love you the moon and back. @jaycoc‚Ä¶ https://t.co/ZDOE8cs8SE",2,positive,,,,,,,,,,,,,,,,,,,,,,,
"RT @jimkwik: ‚ÄúYou‚Äôre going to be happy‚Äù, said life. ‚ÄúBut first I‚Äôll make you strong.‚Äù",0,neutral,,,,,,,,,,,,,,,,,,,,,,,
"RT @IamSamSanyal: May you live a rich, long life, Filled with joy, wonder and health, May you possess gold galore, The very least of your w‚Ä¶",2,positive,,,,,,,,,,,,,,,,,,,,,,,
"RT @TrillxLove: Whoever‚Äôs reading this, I pray that one day you don‚Äôt have to pretend to be happy anymore. I pray you find your purpose &amp; n‚Ä¶",0,neutral,,,,,,,,,,,,,,,,,,,,,,,
"life is so good right now. I have an amazing husband, a beautiful little girl, we‚Äôre about to move out of Connectic‚Ä¶ https://t.co/3N8jhRjznE",4,positive,,,,,,,,,,,,,,,,,,,,,,,
"RT @TrillxLove: Whoever‚Äôs reading this, I pray that one day you don‚Äôt have to pretend to be happy anymore. I pray you find your purpose &amp; n‚Ä¶",0,neutral,,,,,,,,,,,,,,,,,,,,,,,
"RT @boyfriendkapoor: HAPPY 36 RANBIR , my love wish you nothing but the best in life. So excited with the movies you have lined up and what‚Ä¶",3,positive,,,,,,,,,,,,,,,,,,,,,,,
"RT @TrillxLove: Whoever‚Äôs reading this, I pray that one day you don‚Äôt have to pretend to be happy anymore. I pray you find your purpose &amp; n‚Ä¶",0,neutral,,,,,,,,,,,,,,,,,,,,,,,
"RT @MandyShadyRully: Whoever‚Äôs reading this, I pray that one day you don‚Äôt have to pretend to be happy anymore. I pray you find your purpos‚Ä¶",0,neutral,,,,,,,,,,,,,,,,,,,,,,,
"RT @Chinarcorps_IA: #ChinarCorpsCdr &amp; All ranks salute the supreme sacrifice of Sep Happy Singh, who laid down his life fighting terrorists‚Ä¶",2,positive,,,,,,,,,,,,,,,,,,,,,,,
"Happy Thursday ya'll, weekends almost here! Today we are kicking off Life is Strange 2, this season will much much‚Ä¶ https://t.co/O8Os8NK2ER",0,neutral,,,,,,,,,,,,,,,,,,,,,,,
"RT @TrillxLove: Whoever‚Äôs reading this, I pray that one day you don‚Äôt have to pretend to be happy anymore. I pray you find your purpose &amp; n‚Ä¶",0,neutral,,,,,,,,,,,,,,,,,,,,,,,
"As someone with a fear of flying, who does fly: it is never easy, but because I want to fully live my life I do fly‚Ä¶ https://t.co/d4ZzM2Sfl5",-1,negative,,,,,,,,,,,,,,,,,,,,,,,
"RT @TrillxLove: Whoever‚Äôs reading this, I pray that one day you don‚Äôt have to pretend to be happy anymore. I pray you find your purpose &amp; n‚Ä¶",0,neutral,,,,,,,,,,,,,,,,,,,,,,,
"RT @_lilhollywood: A private life is really a happy one, keep these hoes out yo business",1,positive,,,,,,,,,,,,,,,,,,,,,,,
"RT @TrillxLove: Whoever‚Äôs reading this, I pray that one day you don‚Äôt have to pretend to be happy anymore. I pray you find your purpose &amp; n‚Ä¶",0,neutral,,,,,,,,,,,,,,,,,,,,,,,
"RT @boyfriendkapoor: HAPPY 36 RANBIR , my love wish you nothing but the best in life. So excited with the movies you have lined up and what‚Ä¶",3,positive,,,,,,,,,,,,,,,,,,,,,,,
"How are some people just always happy? y‚Äôall really just wake up in a good mood, get fucked by life, go to bed perf‚Ä¶ https://t.co/N2DenGpSdq",1,positive,,,,,,,,,,,,,,,,,,,,,,,
"RT @kxrenoids: I hope we all find our reason to live, our reason we wanted to fight this unending battle in life, and the reason to be happ‚Ä¶",0,neutral,,,,,,,,,,,,,,,,,,,,,,,
"@ThanePrince Twitter @EatSupawan disused 2017, unsecure website https://t.co/W2y55XzyI9 S Thai food located in form‚Ä¶ https://t.co/voy0KSbKVA",-1,negative,,,,,,,,,,,,,,,,,,,,,,,
"RT @TrillxLove: Whoever‚Äôs reading this, I pray that one day you don‚Äôt have to pretend to be happy anymore. I pray you find your purpose &amp; n‚Ä¶",0,neutral,,,,,,,,,,,,,,,,,,,,,,,
"No one says this, but when you grow up with a difficult or abusive childhood, the rest of your life is work to make‚Ä¶ https://t.co/sSLXBAvYBd",-1,negative,,,,,,,,,,,,,,,,,,,,,,,
"RT @CanadianTire: Honk if your name‚Äôs Gary! Or if you know one. Or just honk. Happy #NationalGaryDay, Canada ‚Äì spend it with the Gary in yo‚Ä¶",0,neutral,,,,,,,,,,,,,,,,,,,,,,,
"@tyeal_ @Forbes Never in my life have I met a woman as dope, talented, and amazing as you. Happy just to say I know‚Ä¶ https://t.co/XeXEzMAk6U",1,positive,,,,,,,,,,,,,,,,,,,,,,,
"RT @ldd2407: ‚ÄúLife only comes around once, so do whatever makes you happy, and be with whoever makes you smile...‚Äù So thankful for the RTs‚Ä¶",1,positive,,,,,,,,,,,,,,,,,,,,,,,
"RT @ldd2407: ‚ÄúLife only comes around once, so do whatever makes you happy, and be with whoever makes you smile...‚Äù So thankful for the RTs‚Ä¶",1,positive,,,,,,,,,,,,,,,,,,,,,,,
"RT @XavierWulf: im sick of u fake depressed ‚Äúplease feel sorry for me, i wanna die but not really‚Äù dork ass weirdo children smh nigga life‚Ä¶",-5,negative,,,,,,,,,,,,,,,,,,,,,,,
"RT @TrillxLove: Whoever‚Äôs reading this, I pray that one day you don‚Äôt have to pretend to be happy anymore. I pray you find your purpose &amp; n‚Ä¶",0,neutral,,,,,,,,,,,,,,,,,,,,,,,
"RT @toshrock: i wont be here forever but while i‚Äôm here i‚Äôm just tryna be as happy as i can possibly be &amp; live life to the fullest, whateve‚Ä¶",1,positive,,,,,,,,,,,,,,,,,,,,,,,
"RT @mightytazwar: In real Life, He's winning more hearts than anyone can even think of:*&lt;3 HAPPY 36 RANBIR https://t.co/zNDnIl3BXs",1,positive,,,,,,,,,,,,,,,,,,,,,,,
"RT @TrillxLove: Whoever‚Äôs reading this, I pray that one day you don‚Äôt have to pretend to be happy anymore. I pray you find your purpose &amp; n‚Ä¶",0,neutral,,,,,,,,,,,,,,,,,,,,,,,
"RT @TrillxLove: Whoever‚Äôs reading this, I pray that one day you don‚Äôt have to pretend to be happy anymore. I pray you find your purpose &amp; n‚Ä¶",0,neutral,,,,,,,,,,,,,,,,,,,,,,,
"RT @xvvvier: i‚Äôm praying for the person i will become in 5+ years. I pray that i‚Äôll be happy, loved, financially stable, and living my best‚Ä¶",0,neutral,,,,,,,,,,,,,,,,,,,,,,,
"RT @ldd2407: ‚ÄúLife only comes around once, so do whatever makes you happy, and be with whoever makes you smile...‚Äù So thankful for the RTs‚Ä¶",1,positive,,,,,,,,,,,,,,,,,,,,,,,
"Happy Birthday @AdenYates !!! here‚Äôs a good throw back for ya I hope you get saut√©ed, &amp; sing your heart out to 2‚Ä¶ https://t.co/6RdYDkULLd",1,positive,,,,,,,,,,,,,,,,,,,,,,,
"RT @lokiigdrway: i believe that all of our lives we‚Äôre looking for home and we‚Äôre really lucky, we find it in someone‚Äôs loving arms. i th‚Ä¶",1,positive,,,,,,,,,,,,,,,,,,,,,,,
"RT @dazirazi: ""Don`t let negative thoughts drain your energy,instead focus on all the good that`s in your life. "" Good afternoon beautifu‚Ä¶",-1,negative,,,,,,,,,,,,,,,,,,,,,,,
"RT @TrillxLove: Whoever‚Äôs reading this, I pray that one day you don‚Äôt have to pretend to be happy anymore. I pray you find your purpose &amp; n‚Ä¶",0,neutral,,,,,,,,,,,,,,,,,,,,,,,
"Happy birthday to my beautiful babies, (sorry maya we don‚Äôt take good pics ever)!!!!! I‚Äôm so glad you guys were put‚Ä¶ https://t.co/5TMlCbp9lH",3,positive,,,,,,,,,,,,,,,,,,,,,,,
"RT @tyrabanks: Retweet to say HAPPY BIRTHDAY to the fierce RM! We finally got our pic together! You are inspiring so many, and you‚Äôre bri‚Ä¶",0,neutral,,,,,,,,,,,,,,,,,,,,,,,
"Life is good right now I‚Äôm doing great, I‚Äôm happy, trying on getting healthier, fighting back harder! I believe I‚Äôm‚Ä¶ https://t.co/zkheQm2k2W",2,positive,,,,,,,,,,,,,,,,,,,,,,,
"This is so damn idiotic a person can have everything they could ever want in life, it don‚Äôt mean that their happy https://t.co/9QgYWUd4Za",-1,negative,,,,,,,,,,,,,,,,,,,,,,,
RT,@neiljedcastro:,Sign,of,real,happiness?,When,you,do,not,compare,your,life,to,anyone,and,you,become,happy,with,other,people‚Äôs,success.,üåª,1,positive
"RT @oliviabobrowski: Happy birthday to one of my bestest friends, happy to have someone like u in my life, hope you have a fantastic day &lt;3‚Ä¶",3,positive,,,,,,,,,,,,,,,,,,,,,,,
"RT @KateVasey: @LuckyHeronSay @broncoskolar @guardian I already #BoycottTheGuardian, but I'll be happy to join in. I won't be here for the‚Ä¶",1,positive,,,,,,,,,,,,,,,,,,,,,,,
,,,,,,,,,,,,,,,,,,,,,,,,,
@AnshikaTommo:,everyone's,mood.,You,always,listen,to,me,when,I,cry,and,then,you,are,ready,to,beat,the,person,who,caused,that.,You,believ‚Ä¶,
,,,,,,,,,,,,,,,,,,,,,,,,,
really,never,thought,of,supporting,this,5,guys,who,call,themselves,ping,pong,enthusiasts.,i've,just,been,a,fan,fo‚Ä¶,https://t.co/cKxnKvr9Ga,,,,,
@Life0d:,My,only,goal,in,life,right,now,is,to,be,happy,,,,,,,,,,,,,,
,,,,,,,,,,,,,,,,,,,,,,,,,
,,,,,,,,,,,,,,,,,,,,,,,,,
,,,,,,,,,,,,,,,,,,,,,,,,,
@Britbee78,@MaximMag,Ever,since,the,advent,of,social,media,more,and,more,people,have,become,unhappy‚Ä¶,https://t.co/nP6bn1aqnp,,,,,,,,,
,,,,,,,,,,,,,,,,,,,,,,,,,
,,,,,,,,,,,,,,,,,,,,,,,,,
,,,,,,,,,,,,,,,,,,,,,,,,,
,,,,,,,,,,,,,,,,,,,,,,,,,
,,,,,,,,,,,,,,,,,,,,,,,,,
so,I‚Äôm,so,happy,lately,I‚Äôm,living,my,best,life,,,,,,,,,,,,,,,,
,,,,,,,,,,,,,,,,,,,,,,,,,
,,,,,,,,,,,,,,,,,,,,,,,,,
,,,,,,,,,,,,,,,,,,,,,,,,,
,,,,,,,,,,,,,,,,,,,,,,,,,
@DailyMendesLife:,Imagine,looking,over,and,seeing,him,be,this,happy,watching,a,video,about,his,life????,Yeah,end,me,https://t.co/KDFsUOf‚Ä¶,,,,,,
@evasobila:,Hol‚Äôup,hol‚Äôup,it‚Äôs,a,real,one‚Äôs,bday.,One,of,the,best,to,do,it!!,The,original,don,dada,in,the,management,field...happy,birth‚Ä¶,,
,,,,,,,,,,,,,,,,,,,,,,,,,
@J4BenGeen:,A,big,hat,tip,to,HMP,Frankland,&amp,,@samaritans,for,organising,todays,visiting,event,for,prison,listeners,and,their,families.,U‚Ä¶,,,
,,,,,,,,,,,,,,,,,,,,,,,,,
@KGurlBye:,I,really,do,have,some,of,the,best,people,in,my,lifeüò©‚ù§Ô∏è,surround,yourself,with,good,people,y‚Äôall,and,you‚Äôll,always,be,happy!!,,
,,,,,,,,,,,,,,,,,,,,,,,,,
,,,,,,,,,,,,,,,,,,,,,,,,,
,,,,,,,,,,,,,,,,,,,,,,,,,
,,,,,,,,,,,,,,,,,,,,,,,,,
,,,,,,,,,,,,,,,,,,,,,,,,,
,,,,,,,,,,,,,,,,,,,,,,,,,
,,,,,,,,,,,,,,,,,,,,,,,,,
@JazzKissMarc:,You,will,never,be,truly,happy,if,you,continuously,hold,on,to,the,things,that,make,you,sad.,Let,things,go,and,life,goes,on‚Ä¶
@SachinPilot:,Wishing,@mangeshkarlata,ji,a,Very,Happy,89th,Birthday.,Your,voice,echoes,in,millions,of,,hearts.,Wish,you,a,very,happy,and‚Ä¶,,,
@dodo:,This,bear,spent,his,life,in,a,cage,on,a,bile,farm,‚Äî,and,he's,SO,HAPPY,to,be,out,üôå,(via,@AnimalsAsia),https://t.co/vsHnxHVsVN,
,,,,,,,,,,,,,,,,,,,,,,,,,
,,,,,,,,,,,,,,,,,,,,,,,,,
,,,,,,,,,,,,,,,,,,,,,,,,,
@dodo:,This,bear,spent,his,life,in,a,cage,on,a,bile,farm,‚Äî,and,he's,SO,HAPPY,to,be,out,üôå,(via,@AnimalsAsia),https://t.co/vsHnxHVsVN,
,,,,,,,,,,,,,,,,,,,,,,,,,
,,,,,,,,,,,,,,,,,,,,,,,,,
@MaheshFanTrends:,Wishing,the,Director,Of,Masses,-,@purijagan,Garu,A,Very,Happy,Birthday,from,all,Superstar,@urstrulyMahesh,Fans,üéÇüíê,Live‚Ä¶,,,,,,
@MaheshFanTrends:,Wishing,the,Director,Of,Masses,-,@purijagan,Garu,A,Very,Happy,Birthday,from,all,Superstar,@urstrulyMahesh,Fans,üéÇüíê,Live‚Ä¶,,,,,,
,,,,,,,,,,,,,,,,,,,,,,,,,
,,,,,,,,,,,,,,,,,,,,,,,,,
,,,,,,,,,,,,,,,,,,,,,,,,,
,,,,,,,,,,,,,,,,,,,,,,,,,
@dodo:,This,bear,spent,his,life,in,a,cage,on,a,bile,farm,‚Äî,and,he's,SO,HAPPY,to,be,out,üôå,(via,@AnimalsAsia),https://t.co/vsHnxHVsVN,
